{"version": "1", "message": "ERROR: Hidden Testcases server unreachable.", "problem_id": "ads2_m16_a1_1", "user_id": "nandakishore723", "score": {"sample": {"0": {"execution_time": 0.2932159900665283, "passed": true}, "1": {"execution_time": 0.2872333526611328, "passed": true}, "2": {"execution_time": 0.6143577098846436, "passed": true}, "3": {"execution_time": 0.6203417778015137, "passed": true}, "4": {"execution_time": 0.9877946376800537, "passed": true}, "5": {"execution_time": 0.9913651943206787, "passed": true}, "6": {"execution_time": 0.933504581451416, "passed": true}, "7": {"execution_time": 1.0088069438934326, "passed": true}, "8": {"execution_time": 0.4837307929992676, "passed": true}, "9": {"execution_time": 0.8631570339202881, "passed": true}, "10": {"execution_time": 0.9299089908599854, "passed": true}, "11": {"execution_time": 3.5536036491394043, "passed": true}, "12": {"execution_time": 0.611365556716919, "passed": true}, "13": {"execution_time": 0.2712748050689697, "passed": true}, "14": {"execution_time": 0.5834405422210693, "passed": true}, "15": {"execution_time": 0.6033861637115479, "passed": true}, "16": {"execution_time": 0.3151576519012451, "passed": true}, "17": {"execution_time": 0.2822458744049072, "passed": true}, "18": {"execution_time": 0.32213926315307617, "passed": true}, "19": {"execution_time": 0.3420841693878174, "passed": true}, "20": {"execution_time": 0.34432125091552734, "passed": true}, "21": {"execution_time": 0.31713271141052246, "passed": true}, "22": {"execution_time": 0.3121652603149414, "passed": true}, "23": {"execution_time": 0.3151566982269287, "passed": true}, "24": {"execution_time": 0.2563154697418213, "passed": true}, "25": {"execution_time": 0.6343050003051758, "passed": true}, "26": {"execution_time": 0.5754184722900391, "passed": true}, "27": {"execution_time": 0.6243307590484619, "passed": true}, "28": {"execution_time": 0.9214882850646973, "passed": true}, "29": {"execution_time": 0.26340150833129883, "passed": true}}}, "check_style_score": "1/1"}