{"version": "1", "message": "ERROR: Hidden Testcases server unreachable.", "problem_id": "ads2_m16_a1_1", "user_id": "saitejasedate", "score": {"sample": {"0": {"execution_time": 0.8551583290100098, "passed": true}, "1": {"execution_time": 0.7207801342010498, "passed": true}, "2": {"execution_time": 1.8969101905822754, "passed": true}, "3": {"execution_time": 1.4529054164886475, "passed": true}, "4": {"execution_time": 1.406054973602295, "passed": true}, "5": {"execution_time": 1.6793599128723145, "passed": true}, "6": {"execution_time": 1.7506046295166016, "passed": true}, "7": {"execution_time": 1.4946660995483398, "passed": true}, "8": {"execution_time": 0.7216827869415283, "passed": true}, "9": {"execution_time": 1.6171057224273682, "passed": true}, "10": {"execution_time": 2.5725295543670654, "passed": true}, "11": {"execution_time": 5.079166650772095, "passed": true}, "12": {"execution_time": 1.452169418334961, "passed": true}, "13": {"execution_time": 0.698937177658081, "passed": true}, "14": {"execution_time": 1.8379487991333008, "passed": true}, "15": {"execution_time": 1.4751551151275635, "passed": true}, "16": {"execution_time": 1.1655981540679932, "passed": true}, "17": {"execution_time": 0.6686153411865234, "passed": true}, "18": {"execution_time": 0.6796340942382812, "passed": true}, "19": {"execution_time": 0.6746137142181396, "passed": true}, "20": {"execution_time": 0.7695610523223877, "passed": true}, "21": {"execution_time": 0.697606086730957, "passed": true}, "22": {"execution_time": 0.6676187515258789, "passed": true}, "23": {"execution_time": 0.685631275177002, "passed": true}, "24": {"execution_time": 0.5127074718475342, "passed": true}, "25": {"execution_time": 1.719041347503662, "passed": true}, "26": {"execution_time": 1.6260707378387451, "passed": true}, "27": {"execution_time": 2.271336317062378, "passed": true}, "28": {"execution_time": 3.0969793796539307, "passed": true}, "29": {"execution_time": 0.4135410785675049, "passed": true}}}, "check_style_score": "1/1"}