{"version": "1", "message": "ERROR: Hidden Testcases server unreachable.", "problem_id": "ads2_m16_a1_1", "user_id": "saitejasedate", "score": {"sample": {"0": {"execution_time": 0.4700596332550049, "passed": false}, "1": {"execution_time": 0.43585705757141113, "passed": false}, "2": {"execution_time": 1.317228078842163, "passed": false}, "3": {"execution_time": 1.3512160778045654, "passed": false}, "4": {"execution_time": 1.408191204071045, "passed": false}, "5": {"execution_time": 1.3422510623931885, "passed": false}, "6": {"execution_time": 1.3632373809814453, "passed": false}, "7": {"execution_time": 1.3422346115112305, "passed": false}, "8": {"execution_time": 0.7605693340301514, "passed": false}, "9": {"execution_time": 1.1784443855285645, "passed": false}, "10": {"execution_time": 1.2043070793151855, "passed": false}, "11": {"execution_time": 0.4007723331451416, "passed": false}, "12": {"execution_time": 1.3342351913452148, "passed": false}, "13": {"execution_time": 0.4533114433288574, "passed": true}, "14": {"execution_time": 1.3422317504882812, "passed": false}, "15": {"execution_time": 1.3492112159729004, "passed": false}, "16": {"execution_time": 0.5676999092102051, "passed": false}, "17": {"execution_time": 0.6299433708190918, "passed": false}, "18": {"execution_time": 0.5847084522247314, "passed": false}, "19": {"execution_time": 0.5576789379119873, "passed": false}, "20": {"execution_time": 0.6496310234069824, "passed": false}, "21": {"execution_time": 0.5536816120147705, "passed": false}, "22": {"execution_time": 0.5357780456542969, "passed": false}, "23": {"execution_time": 0.612668514251709, "passed": false}, "24": {"execution_time": 0.5173780918121338, "passed": true}, "25": {"execution_time": 1.6630487442016602, "passed": false}, "26": {"execution_time": 1.189316749572754, "passed": false}, "27": {"execution_time": 1.3402330875396729, "passed": false}, "28": {"execution_time": 2.502551317214966, "passed": false}, "29": {"execution_time": 0.43416786193847656, "passed": false}}}, "check_style_score": "0/1"}