{"version": "1", "message": "ERROR: Hidden Testcases server unreachable.", "problem_id": "ads2_m16_a1_1", "user_id": "saitejasedate", "score": {"sample": {"0": {"execution_time": 0.5982379913330078, "passed": false}, "1": {"execution_time": 0.4572880268096924, "passed": false}, "2": {"execution_time": 0.9349400997161865, "passed": false}, "3": {"execution_time": 0.8375232219696045, "passed": false}, "4": {"execution_time": 0.7545650005340576, "passed": false}, "5": {"execution_time": 0.7659246921539307, "passed": false}, "6": {"execution_time": 0.8574905395507812, "passed": false}, "7": {"execution_time": 2.0838067531585693, "passed": false}, "8": {"execution_time": 0.5537383556365967, "passed": false}, "9": {"execution_time": 0.9554524421691895, "passed": false}, "10": {"execution_time": 1.0234158039093018, "passed": false}, "11": {"execution_time": 0.790752649307251, "passed": false}, "12": {"execution_time": 0.883493185043335, "passed": false}, "13": {"execution_time": 0.4377462863922119, "passed": false}, "14": {"execution_time": 1.0883779525756836, "passed": false}, "15": {"execution_time": 1.5411176681518555, "passed": false}, "16": {"execution_time": 0.7325806617736816, "passed": false}, "17": {"execution_time": 0.7045953273773193, "passed": false}, "18": {"execution_time": 0.4658043384552002, "passed": false}, "19": {"execution_time": 0.574577808380127, "passed": false}, "20": {"execution_time": 0.4789149761199951, "passed": false}, "21": {"execution_time": 0.5796692371368408, "passed": false}, "22": {"execution_time": 0.8263459205627441, "passed": false}, "23": {"execution_time": 0.5128297805786133, "passed": false}, "24": {"execution_time": 0.5416903495788574, "passed": false}, "25": {"execution_time": 1.2562806606292725, "passed": false}, "26": {"execution_time": 1.2792668342590332, "passed": false}, "27": {"execution_time": 1.2622787952423096, "passed": false}, "28": {"execution_time": 1.5793449878692627, "passed": false}, "29": {"execution_time": 0.6139905452728271, "passed": false}}}, "check_style_score": "0/1"}