{"version": "1", "message": "ERROR: Hidden Testcases server unreachable.", "problem_id": "ads2_m16_a1_1", "user_id": "saitejasedate", "score": {"sample": {"0": {"execution_time": 0.9627344608306885, "passed": false}, "1": {"execution_time": 0.976693868637085, "passed": false}, "2": {"execution_time": 1.3788676261901855, "passed": false}, "3": {"execution_time": 1.346513271331787, "passed": false}, "4": {"execution_time": 1.562234878540039, "passed": false}, "5": {"execution_time": 1.3843350410461426, "passed": false}, "6": {"execution_time": 1.2487146854400635, "passed": false}, "7": {"execution_time": 1.387237548828125, "passed": false}, "8": {"execution_time": 0.7971694469451904, "passed": false}, "9": {"execution_time": 1.386542558670044, "passed": false}, "10": {"execution_time": 1.5057251453399658, "passed": false}, "11": {"execution_time": 0.5666799545288086, "passed": false}, "12": {"execution_time": 1.410336971282959, "passed": false}, "13": {"execution_time": 0.7370777130126953, "passed": true}, "14": {"execution_time": 1.373239517211914, "passed": false}, "15": {"execution_time": 1.3178658485412598, "passed": false}, "16": {"execution_time": 0.8695459365844727, "passed": false}, "17": {"execution_time": 1.0405216217041016, "passed": false}, "18": {"execution_time": 0.7052342891693115, "passed": false}, "19": {"execution_time": 0.7816660404205322, "passed": false}, "20": {"execution_time": 0.7763762474060059, "passed": false}, "21": {"execution_time": 0.8455789089202881, "passed": false}, "22": {"execution_time": 0.7890288829803467, "passed": false}, "23": {"execution_time": 0.7846400737762451, "passed": false}, "24": {"execution_time": 0.5936598777770996, "passed": true}, "25": {"execution_time": 1.5006816387176514, "passed": false}, "26": {"execution_time": 1.2787036895751953, "passed": false}, "27": {"execution_time": 1.6001026630401611, "passed": false}, "28": {"execution_time": 2.1409265995025635, "passed": false}, "29": {"execution_time": 0.7604506015777588, "passed": false}}}, "check_style_score": "0/1"}