{"version": "1", "message": "ERROR: Hidden Testcases server unreachable.", "problem_id": "ads2_m16_a1_1", "user_id": "saitejasedate", "score": {"sample": {"0": {"execution_time": 0.7105894088745117, "passed": false}, "1": {"execution_time": 0.594663143157959, "passed": false}, "2": {"execution_time": 1.311249017715454, "passed": false}, "3": {"execution_time": 1.3212435245513916, "passed": false}, "4": {"execution_time": 1.2922601699829102, "passed": false}, "5": {"execution_time": 1.3652186393737793, "passed": false}, "6": {"execution_time": 1.3542258739471436, "passed": false}, "7": {"execution_time": 1.350266456604004, "passed": false}, "8": {"execution_time": 0.5456695556640625, "passed": false}, "9": {"execution_time": 1.3802344799041748, "passed": false}, "10": {"execution_time": 1.404289960861206, "passed": false}, "11": {"execution_time": 0.5351231098175049, "passed": false}, "12": {"execution_time": 1.3412182331085205, "passed": false}, "13": {"execution_time": 0.4290626049041748, "passed": true}, "14": {"execution_time": 1.3212437629699707, "passed": false}, "15": {"execution_time": 1.3482511043548584, "passed": false}, "16": {"execution_time": 0.5596749782562256, "passed": false}, "17": {"execution_time": 0.5427951812744141, "passed": false}, "18": {"execution_time": 0.5578796863555908, "passed": false}, "19": {"execution_time": 0.5428304672241211, "passed": false}, "20": {"execution_time": 0.5437057018280029, "passed": false}, "21": {"execution_time": 0.5297133922576904, "passed": false}, "22": {"execution_time": 0.5577178001403809, "passed": false}, "23": {"execution_time": 0.7835934162139893, "passed": false}, "24": {"execution_time": 0.4152693748474121, "passed": true}, "25": {"execution_time": 1.191340446472168, "passed": false}, "26": {"execution_time": 1.0843956470489502, "passed": false}, "27": {"execution_time": 1.3422331809997559, "passed": false}, "28": {"execution_time": 2.255709409713745, "passed": false}, "29": {"execution_time": 0.4447948932647705, "passed": false}}}, "check_style_score": "0/1"}