{"version": "1", "message": "ERROR: Hidden Testcases server unreachable.", "problem_id": "ads2_m16_a1_1", "user_id": "saitejasedate", "score": {"sample": {"0": {"execution_time": 0.47900390625, "passed": false}, "1": {"execution_time": 0.5268650054931641, "passed": false}, "2": {"execution_time": 1.3811910152435303, "passed": false}, "3": {"execution_time": 1.3182454109191895, "passed": false}, "4": {"execution_time": 1.4121887683868408, "passed": false}, "5": {"execution_time": 1.3582305908203125, "passed": false}, "6": {"execution_time": 1.3442375659942627, "passed": false}, "7": {"execution_time": 1.2253022193908691, "passed": false}, "8": {"execution_time": 0.5697534084320068, "passed": false}, "9": {"execution_time": 1.3132474422454834, "passed": false}, "10": {"execution_time": 1.2943074703216553, "passed": false}, "11": {"execution_time": 0.40584754943847656, "passed": false}, "12": {"execution_time": 1.394247055053711, "passed": false}, "13": {"execution_time": 0.4398202896118164, "passed": true}, "14": {"execution_time": 1.147343397140503, "passed": false}, "15": {"execution_time": 1.3322348594665527, "passed": false}, "16": {"execution_time": 0.6136462688446045, "passed": false}, "17": {"execution_time": 0.5266954898834229, "passed": false}, "18": {"execution_time": 0.6606690883636475, "passed": false}, "19": {"execution_time": 0.5566694736480713, "passed": false}, "20": {"execution_time": 0.5496866703033447, "passed": false}, "21": {"execution_time": 0.5536861419677734, "passed": false}, "22": {"execution_time": 0.7135725021362305, "passed": false}, "23": {"execution_time": 1.246288537979126, "passed": false}, "24": {"execution_time": 0.595994234085083, "passed": true}, "25": {"execution_time": 3.1218788623809814, "passed": false}, "26": {"execution_time": 1.1024174690246582, "passed": false}, "27": {"execution_time": 1.402195930480957, "passed": false}, "28": {"execution_time": 2.3766369819641113, "passed": false}, "29": {"execution_time": 0.6050913333892822, "passed": false}}}, "check_style_score": "0/1"}