{"version": "1", "message": "ERROR: Hidden Testcases server unreachable.", "problem_id": "ads2_m16_a1_1", "user_id": "saitejasedate", "score": {"sample": {"0": {"execution_time": 0.4992096424102783, "passed": false}, "1": {"execution_time": 0.5797891616821289, "passed": false}, "2": {"execution_time": 1.6256611347198486, "passed": false}, "3": {"execution_time": 1.2252984046936035, "passed": false}, "4": {"execution_time": 1.3952491283416748, "passed": false}, "5": {"execution_time": 1.3302359580993652, "passed": false}, "6": {"execution_time": 1.3512277603149414, "passed": false}, "7": {"execution_time": 1.3842568397521973, "passed": false}, "8": {"execution_time": 0.5396933555603027, "passed": false}, "9": {"execution_time": 1.3392210006713867, "passed": false}, "10": {"execution_time": 1.206329584121704, "passed": false}, "11": {"execution_time": 0.40177369117736816, "passed": false}, "12": {"execution_time": 1.3082516193389893, "passed": false}, "13": {"execution_time": 0.43280625343322754, "passed": true}, "14": {"execution_time": 1.3192429542541504, "passed": false}, "15": {"execution_time": 1.2462849617004395, "passed": false}, "16": {"execution_time": 0.6946032047271729, "passed": false}, "17": {"execution_time": 0.6423871517181396, "passed": false}, "18": {"execution_time": 0.7155897617340088, "passed": false}, "19": {"execution_time": 0.7005529403686523, "passed": false}, "20": {"execution_time": 0.54868483543396, "passed": false}, "21": {"execution_time": 0.9264700412750244, "passed": false}, "22": {"execution_time": 1.3152480125427246, "passed": false}, "23": {"execution_time": 0.7535920143127441, "passed": false}, "24": {"execution_time": 0.7125945091247559, "passed": true}, "25": {"execution_time": 2.159761667251587, "passed": false}, "26": {"execution_time": 1.8509421348571777, "passed": false}, "27": {"execution_time": 1.715019702911377, "passed": false}, "28": {"execution_time": 2.4965696334838867, "passed": false}, "29": {"execution_time": 0.5376894474029541, "passed": false}}}, "check_style_score": "0/1"}