{"version": "1", "message": "ERROR: Hidden Testcases server unreachable.", "problem_id": "ads2_m16_a1_1", "user_id": "saitejasedate", "score": {"sample": {"0": {"execution_time": 0.5859179496765137, "passed": false}, "1": {"execution_time": 0.6906077861785889, "passed": false}, "2": {"execution_time": 1.3612196445465088, "passed": false}, "3": {"execution_time": 1.3122472763061523, "passed": false}, "4": {"execution_time": 1.321244239807129, "passed": false}, "5": {"execution_time": 1.3218715190887451, "passed": false}, "6": {"execution_time": 1.3272526264190674, "passed": false}, "7": {"execution_time": 1.3332338333129883, "passed": false}, "8": {"execution_time": 0.5747621059417725, "passed": false}, "9": {"execution_time": 1.2862608432769775, "passed": false}, "10": {"execution_time": 1.3721988201141357, "passed": false}, "11": {"execution_time": 0.4032590389251709, "passed": false}, "12": {"execution_time": 1.337223768234253, "passed": false}, "13": {"execution_time": 0.4231903553009033, "passed": true}, "14": {"execution_time": 1.2662761211395264, "passed": false}, "15": {"execution_time": 1.3352360725402832, "passed": false}, "16": {"execution_time": 0.6457035541534424, "passed": false}, "17": {"execution_time": 0.5678014755249023, "passed": false}, "18": {"execution_time": 0.6523211002349854, "passed": false}, "19": {"execution_time": 0.7198481559753418, "passed": false}, "20": {"execution_time": 0.626640796661377, "passed": false}, "21": {"execution_time": 0.5177035331726074, "passed": false}, "22": {"execution_time": 0.5406897068023682, "passed": false}, "23": {"execution_time": 0.553666353225708, "passed": false}, "24": {"execution_time": 0.4072139263153076, "passed": true}, "25": {"execution_time": 1.3862075805664062, "passed": false}, "26": {"execution_time": 1.1264443397521973, "passed": false}, "27": {"execution_time": 1.2962815761566162, "passed": false}, "28": {"execution_time": 2.145787000656128, "passed": false}, "29": {"execution_time": 0.5328922271728516, "passed": false}}}, "check_style_score": "0/1"}