{"version": "1", "message": "ERROR: Hidden Testcases server unreachable.", "problem_id": "ads2_m16_a1_1", "user_id": "saitejasedate", "score": {"sample": {"0": {"execution_time": 1.8265023231506348, "passed": false}, "1": {"execution_time": 0.6665000915527344, "passed": false}, "2": {"execution_time": 1.3953819274902344, "passed": false}, "3": {"execution_time": 1.3941757678985596, "passed": false}, "4": {"execution_time": 1.4903345108032227, "passed": false}, "5": {"execution_time": 1.434765100479126, "passed": false}, "6": {"execution_time": 1.375018835067749, "passed": false}, "7": {"execution_time": 1.5427682399749756, "passed": false}, "8": {"execution_time": 0.8536913394927979, "passed": false}, "9": {"execution_time": 1.4236700534820557, "passed": false}, "10": {"execution_time": 1.4752507209777832, "passed": false}, "11": {"execution_time": 0.5763607025146484, "passed": false}, "12": {"execution_time": 1.4561388492584229, "passed": false}, "13": {"execution_time": 0.763253927230835, "passed": true}, "14": {"execution_time": 1.303976058959961, "passed": false}, "15": {"execution_time": 1.444805383682251, "passed": false}, "16": {"execution_time": 0.739577054977417, "passed": false}, "17": {"execution_time": 0.6197915077209473, "passed": false}, "18": {"execution_time": 0.6533553600311279, "passed": false}, "19": {"execution_time": 0.8604519367218018, "passed": false}, "20": {"execution_time": 0.6963019371032715, "passed": false}, "21": {"execution_time": 0.8185551166534424, "passed": false}, "22": {"execution_time": 1.3071165084838867, "passed": false}, "23": {"execution_time": 1.202312707901001, "passed": false}, "24": {"execution_time": 0.8460419178009033, "passed": true}, "25": {"execution_time": 1.6842026710510254, "passed": false}, "26": {"execution_time": 1.3293073177337646, "passed": false}, "27": {"execution_time": 1.462327480316162, "passed": false}, "28": {"execution_time": 2.62589168548584, "passed": false}, "29": {"execution_time": 0.8315243721008301, "passed": false}}}, "check_style_score": "0/1"}