{"version": "1", "message": "ERROR: Hidden Testcases server unreachable.", "problem_id": "ads2_m6_a1_1", "user_id": "saitejasedate", "score": {"sample": {"0": {"execution_time": 0.41576576232910156, "passed": false}, "1": {"execution_time": 0.396773099899292, "passed": false}, "2": {"execution_time": 0.42482924461364746, "passed": false}, "3": {"execution_time": 0.39377403259277344, "passed": false}, "4": {"execution_time": 0.40377116203308105, "passed": false}, "5": {"execution_time": 0.4337491989135742, "passed": false}, "6": {"execution_time": 0.41776323318481445, "passed": false}, "7": {"execution_time": 0.5396921634674072, "passed": false}, "8": {"execution_time": 0.5007138252258301, "passed": false}, "9": {"execution_time": 0.5376913547515869, "passed": false}, "10": {"execution_time": 0.5027115345001221, "passed": false}, "11": {"execution_time": 0.5616779327392578, "passed": false}}}, "check_style_score": "0/1"}