{"version": "1", "message": "ERROR: Hidden Testcases server unreachable.", "problem_id": "ads2_m6_a1_1", "user_id": "saitejasedate", "score": {"sample": {"0": {"execution_time": 0.4287557601928711, "passed": false}, "1": {"execution_time": 0.6456713676452637, "passed": false}, "2": {"execution_time": 0.41376495361328125, "passed": false}, "3": {"execution_time": 0.47472691535949707, "passed": false}, "4": {"execution_time": 0.5077252388000488, "passed": false}, "5": {"execution_time": 0.6666200160980225, "passed": false}, "6": {"execution_time": 0.5786702632904053, "passed": false}, "7": {"execution_time": 0.3988223075866699, "passed": false}, "8": {"execution_time": 0.41675734519958496, "passed": false}, "9": {"execution_time": 0.47679901123046875, "passed": false}, "10": {"execution_time": 0.4347372055053711, "passed": false}, "11": {"execution_time": 0.35581541061401367, "passed": false}}}, "check_style_score": "0/1"}