{"version": "1", "message": "ERROR: Hidden Testcases server unreachable.", "problem_id": "ads2_m6_a1_1", "user_id": "saitejasedate", "score": {"sample": {"0": {"execution_time": 0.8205299377441406, "passed": false}, "1": {"execution_time": 0.39977335929870605, "passed": false}, "2": {"execution_time": 0.4431498050689697, "passed": false}, "3": {"execution_time": 0.41176581382751465, "passed": false}, "4": {"execution_time": 0.4007730484008789, "passed": false}, "5": {"execution_time": 0.3997526168823242, "passed": false}, "6": {"execution_time": 0.40976452827453613, "passed": false}, "7": {"execution_time": 0.4087681770324707, "passed": false}, "8": {"execution_time": 0.38178038597106934, "passed": false}, "9": {"execution_time": 0.4267706871032715, "passed": false}, "10": {"execution_time": 0.3967721462249756, "passed": false}, "11": {"execution_time": 0.31580042839050293, "passed": false}}}, "check_style_score": "0/1"}