{"version": "1", "message": "ERROR: Hidden Testcases server unreachable.", "problem_id": "ads2_m6_a1_1", "user_id": "saitejasedate", "score": {"sample": {"0": {"execution_time": 0.5237874984741211, "passed": false}, "1": {"execution_time": 0.47185254096984863, "passed": false}, "2": {"execution_time": 0.4977760314941406, "passed": false}, "3": {"execution_time": 0.6388547420501709, "passed": false}, "4": {"execution_time": 0.4937129020690918, "passed": false}, "5": {"execution_time": 0.4947526454925537, "passed": false}, "6": {"execution_time": 0.4967315196990967, "passed": true}, "7": {"execution_time": 0.48407959938049316, "passed": false}, "8": {"execution_time": 0.48593711853027344, "passed": false}, "9": {"execution_time": 0.4929647445678711, "passed": false}, "10": {"execution_time": 0.4747633934020996, "passed": true}, "11": {"execution_time": 0.3368253707885742, "passed": false}}}, "check_style_score": "0/1"}