{"version": "1", "message": "ERROR: Hidden Testcases server unreachable.", "problem_id": "ads2_m6_a1_1", "user_id": "saitejasedate", "score": {"sample": {"0": {"execution_time": 0.5397274494171143, "passed": false}, "1": {"execution_time": 0.5067331790924072, "passed": false}, "2": {"execution_time": 0.5277881622314453, "passed": false}, "3": {"execution_time": 0.5397131443023682, "passed": false}, "4": {"execution_time": 0.8395030498504639, "passed": false}, "5": {"execution_time": 0.6848928928375244, "passed": false}, "6": {"execution_time": 0.5327141284942627, "passed": false}, "7": {"execution_time": 0.553717851638794, "passed": false}, "8": {"execution_time": 0.5296974182128906, "passed": false}, "9": {"execution_time": 0.7715928554534912, "passed": false}, "10": {"execution_time": 0.521728515625, "passed": false}, "11": {"execution_time": 0.32581043243408203, "passed": false}}}, "check_style_score": "0/1"}