{"version": "1", "message": "ERROR: Hidden Testcases server unreachable.", "problem_id": "ads2_m6_a1_1", "user_id": "saitejasedate", "score": {"sample": {"0": {"execution_time": 0.4901137351989746, "passed": false}, "1": {"execution_time": 0.4827542304992676, "passed": false}, "2": {"execution_time": 0.49295759201049805, "passed": false}, "3": {"execution_time": 0.511746883392334, "passed": false}, "4": {"execution_time": 0.5137283802032471, "passed": false}, "5": {"execution_time": 1.819955587387085, "passed": false}, "6": {"execution_time": 1.029409408569336, "passed": true}, "7": {"execution_time": 0.7295808792114258, "passed": false}, "8": {"execution_time": 1.4871461391448975, "passed": false}, "9": {"execution_time": 1.2442853450775146, "passed": false}, "10": {"execution_time": 1.281264066696167, "passed": true}, "11": {"execution_time": 0.636634111404419, "passed": false}}}, "check_style_score": "0/1"}