{"version": "1", "message": "ERROR: Hidden Testcases server unreachable.", "problem_id": "ads2_m6_a1_1", "user_id": "saitejasedate", "score": {"sample": {"0": {"execution_time": 0.4600565433502197, "passed": false}, "1": {"execution_time": 0.5037481784820557, "passed": false}, "2": {"execution_time": 0.7536056041717529, "passed": false}, "3": {"execution_time": 0.47182416915893555, "passed": false}, "4": {"execution_time": 0.5377211570739746, "passed": false}, "5": {"execution_time": 0.7406513690948486, "passed": false}, "6": {"execution_time": 0.49376940727233887, "passed": true}, "7": {"execution_time": 0.5507111549377441, "passed": false}, "8": {"execution_time": 0.5406990051269531, "passed": false}, "9": {"execution_time": 0.6156537532806396, "passed": false}, "10": {"execution_time": 0.4909079074859619, "passed": true}, "11": {"execution_time": 0.31182408332824707, "passed": false}}}, "check_style_score": "0/1"}