{"version": "1", "message": "ERROR: Hidden Testcases server unreachable.", "problem_id": "ads2_m6_a1_1", "user_id": "saitejasedate", "score": {"sample": {"0": {"execution_time": 0.41775965690612793, "passed": false}, "1": {"execution_time": 0.4127650260925293, "passed": false}, "2": {"execution_time": 0.42575645446777344, "passed": false}, "3": {"execution_time": 0.7454061508178711, "passed": false}, "4": {"execution_time": 0.4067838191986084, "passed": false}, "5": {"execution_time": 0.41176295280456543, "passed": false}, "6": {"execution_time": 0.42775774002075195, "passed": false}, "7": {"execution_time": 0.4627339839935303, "passed": false}, "8": {"execution_time": 0.39377546310424805, "passed": false}, "9": {"execution_time": 0.44574689865112305, "passed": false}, "10": {"execution_time": 0.45375680923461914, "passed": false}, "11": {"execution_time": 0.3507990837097168, "passed": false}}}, "check_style_score": "0/1"}