{"version": "1", "message": "ERROR: Hidden Testcases server unreachable.", "problem_id": "ads2_m6_a1_1", "user_id": "saitejasedate", "score": {"sample": {"0": {"execution_time": 0.3927748203277588, "passed": false}, "1": {"execution_time": 0.4077634811401367, "passed": false}, "2": {"execution_time": 0.4067668914794922, "passed": false}, "3": {"execution_time": 0.5856645107269287, "passed": false}, "4": {"execution_time": 0.39177441596984863, "passed": false}, "5": {"execution_time": 0.516704797744751, "passed": false}, "6": {"execution_time": 0.4607381820678711, "passed": false}, "7": {"execution_time": 0.43375277519226074, "passed": false}, "8": {"execution_time": 0.5506834983825684, "passed": false}, "9": {"execution_time": 0.40378713607788086, "passed": false}, "10": {"execution_time": 0.47573232650756836, "passed": false}, "11": {"execution_time": 0.3838069438934326, "passed": false}}}, "check_style_score": "0/1"}