{"version": "1", "message": "ERROR: Hidden Testcases server unreachable.", "problem_id": "ads2_m6_a1_1", "user_id": "saitejasedate", "score": {"sample": {"0": {"execution_time": 0.400770902633667, "passed": false}, "1": {"execution_time": 0.37978124618530273, "passed": false}, "2": {"execution_time": 0.41576242446899414, "passed": false}, "3": {"execution_time": 0.402768611907959, "passed": false}, "4": {"execution_time": 0.3927743434906006, "passed": false}, "5": {"execution_time": 0.423983097076416, "passed": false}, "6": {"execution_time": 0.4067668914794922, "passed": false}, "7": {"execution_time": 0.4217679500579834, "passed": false}, "8": {"execution_time": 0.3827810287475586, "passed": false}, "9": {"execution_time": 0.47986817359924316, "passed": false}, "10": {"execution_time": 0.40176844596862793, "passed": false}, "11": {"execution_time": 0.3487968444824219, "passed": false}}}, "check_style_score": "0/1"}