{"version": "1", "message": "ERROR: Hidden Testcases server unreachable.", "problem_id": "ads2_m6_a1_1", "user_id": "saitejasedate", "score": {"sample": {"0": {"execution_time": 0.5067532062530518, "passed": false}, "1": {"execution_time": 0.6636583805084229, "passed": false}, "2": {"execution_time": 0.48372435569763184, "passed": false}, "3": {"execution_time": 0.4869346618652344, "passed": false}, "4": {"execution_time": 0.4827229976654053, "passed": false}, "5": {"execution_time": 0.4879145622253418, "passed": false}, "6": {"execution_time": 0.4787280559539795, "passed": true}, "7": {"execution_time": 0.4872279167175293, "passed": false}, "8": {"execution_time": 0.48172473907470703, "passed": false}, "9": {"execution_time": 0.4733099937438965, "passed": false}, "10": {"execution_time": 0.4847404956817627, "passed": true}, "11": {"execution_time": 0.330810546875, "passed": false}}}, "check_style_score": "0/1"}