{"version": "1", "message": "ERROR: Hidden Testcases server unreachable.", "problem_id": "ads2_m6_a1_1", "user_id": "saitejasedate", "score": {"sample": {"0": {"execution_time": 0.5058929920196533, "passed": false}, "1": {"execution_time": 0.5718700885772705, "passed": false}, "2": {"execution_time": 0.5527231693267822, "passed": false}, "3": {"execution_time": 0.6995975971221924, "passed": false}, "4": {"execution_time": 0.8695008754730225, "passed": false}, "5": {"execution_time": 0.4951324462890625, "passed": false}, "6": {"execution_time": 0.6136469841003418, "passed": true}, "7": {"execution_time": 1.3542225360870361, "passed": false}, "8": {"execution_time": 1.0793800354003906, "passed": false}, "9": {"execution_time": 0.9324653148651123, "passed": false}, "10": {"execution_time": 0.9024810791015625, "passed": true}, "11": {"execution_time": 0.6866061687469482, "passed": false}}}, "check_style_score": "0/1"}