{"version": "1", "message": "ERROR: Hidden Testcases server unreachable.", "problem_id": "ads2_m6_a1_1", "user_id": "saitejasedate", "score": {"sample": {"0": {"execution_time": 0.5357306003570557, "passed": false}, "1": {"execution_time": 0.49172115325927734, "passed": false}, "2": {"execution_time": 0.5147051811218262, "passed": false}, "3": {"execution_time": 0.5656788349151611, "passed": false}, "4": {"execution_time": 0.638648509979248, "passed": false}, "5": {"execution_time": 0.47772645950317383, "passed": false}, "6": {"execution_time": 0.5378925800323486, "passed": true}, "7": {"execution_time": 0.5087435245513916, "passed": false}, "8": {"execution_time": 0.6017115116119385, "passed": false}, "9": {"execution_time": 0.4890110492706299, "passed": false}, "10": {"execution_time": 0.5028963088989258, "passed": true}, "11": {"execution_time": 0.4070718288421631, "passed": false}}}, "check_style_score": "0/1"}