{"version": "1", "message": "ERROR: Hidden Testcases server unreachable.", "problem_id": "ads2_m6_a1_1", "user_id": "saitejasedate", "score": {"sample": {"0": {"execution_time": 0.7923808097839355, "passed": false}, "1": {"execution_time": 0.47270798683166504, "passed": false}, "2": {"execution_time": 0.46402716636657715, "passed": false}, "3": {"execution_time": 0.5057480335235596, "passed": false}, "4": {"execution_time": 0.5567247867584229, "passed": false}, "5": {"execution_time": 0.6316792964935303, "passed": false}, "6": {"execution_time": 0.4880485534667969, "passed": false}, "7": {"execution_time": 0.5507256984710693, "passed": false}, "8": {"execution_time": 0.5037167072296143, "passed": false}, "9": {"execution_time": 0.5426881313323975, "passed": false}, "10": {"execution_time": 0.49414896965026855, "passed": false}, "11": {"execution_time": 0.3268120288848877, "passed": false}}}, "check_style_score": "0/1"}