{"version": "1", "message": "ERROR: Hidden Testcases server unreachable.", "problem_id": "ads2_m4_a1_1", "user_id": "anuhya45", "score": {"sample": {"0": {"execution_time": 0.9561977386474609, "passed": true}, "1": {"execution_time": 0.3432197570800781, "passed": true}, "2": {"execution_time": 0.5895311832427979, "passed": true}, "3": {"execution_time": 0.3858625888824463, "passed": true}, "4": {"execution_time": 0.3852853775024414, "passed": true}, "5": {"execution_time": 0.4007551670074463, "passed": true}, "6": {"execution_time": 0.6472980976104736, "passed": true}, "7": {"execution_time": 0.2775692939758301, "passed": true}, "8": {"execution_time": 0.30835819244384766, "passed": true}, "9": {"execution_time": 0.2505002021789551, "passed": true}, "10": {"execution_time": 0.2896888256072998, "passed": true}, "11": {"execution_time": 0.25243496894836426, "passed": true}, "12": {"execution_time": 0.28056836128234863, "passed": true}, "13": {"execution_time": 1.7306926250457764, "passed": true}, "14": {"execution_time": 0.3344454765319824, "passed": true}}}, "check_style_score": "1/1"}