{"version": "1", "message": "ERROR: Hidden Testcases server unreachable.", "problem_id": "ads2_m4_a1_1", "user_id": "saitejasedate", "score": {"sample": {"0": {"execution_time": 0.6481504440307617, "passed": true}, "1": {"execution_time": 0.62628173828125, "passed": false}, "2": {"execution_time": 0.7625219821929932, "passed": false}, "3": {"execution_time": 0.9197628498077393, "passed": false}, "4": {"execution_time": 0.41150617599487305, "passed": false}, "5": {"execution_time": 0.5371031761169434, "passed": false}, "6": {"execution_time": 0.4917163848876953, "passed": false}, "7": {"execution_time": 0.5246725082397461, "passed": false}, "8": {"execution_time": 0.46227383613586426, "passed": true}, "9": {"execution_time": 0.44631338119506836, "passed": false}, "10": {"execution_time": 0.44204044342041016, "passed": false}, "11": {"execution_time": 0.3498497009277344, "passed": false}, "12": {"execution_time": 0.3777642250061035, "passed": false}, "13": {"execution_time": 1.3486511707305908, "passed": false}, "14": {"execution_time": 0.44626784324645996, "passed": false}}}, "check_style_score": "0/1"}