{"version": "1", "message": "ERROR: Hidden Testcases server unreachable.", "problem_id": "ads2_m4_a1_1", "user_id": "saitejasedate", "score": {"sample": {"0": {"execution_time": 0.4902050495147705, "passed": true}, "1": {"execution_time": 0.6136488914489746, "passed": true}, "2": {"execution_time": 0.5197761058807373, "passed": true}, "3": {"execution_time": 2.5605130195617676, "passed": true}, "4": {"execution_time": 0.400768518447876, "passed": true}, "5": {"execution_time": 0.43613314628601074, "passed": true}, "6": {"execution_time": 0.4187595844268799, "passed": true}, "7": {"execution_time": 0.4887208938598633, "passed": true}, "8": {"execution_time": 0.42314696311950684, "passed": true}, "9": {"execution_time": 0.38077545166015625, "passed": true}, "10": {"execution_time": 0.38979434967041016, "passed": true}, "11": {"execution_time": 0.3647937774658203, "passed": true}, "12": {"execution_time": 0.5077083110809326, "passed": true}, "13": {"execution_time": 2.440598726272583, "passed": true}, "14": {"execution_time": 0.3827993869781494, "passed": true}}}, "check_style_score": "1/1"}