{"version": "1", "message": "ERROR: Hidden Testcases server unreachable.", "problem_id": "ads2_m2_a1_1", "user_id": "saitejasedate", "score": {"sample": {"0": {"execution_time": 0.33780431747436523, "passed": false}, "1": {"execution_time": 0.3368077278137207, "passed": false}, "2": {"execution_time": 0.329819917678833, "passed": false}, "3": {"execution_time": 0.32981324195861816, "passed": false}, "4": {"execution_time": 0.3308093547821045, "passed": false}, "5": {"execution_time": 0.3398158550262451, "passed": false}, "6": {"execution_time": 0.3348069190979004, "passed": false}, "7": {"execution_time": 0.33381056785583496, "passed": false}, "8": {"execution_time": 0.32781195640563965, "passed": false}, "9": {"execution_time": 0.32181310653686523, "passed": false}, "10": {"execution_time": 0.3328361511230469, "passed": false}, "11": {"execution_time": 0.3358180522918701, "passed": false}, "12": {"execution_time": 0.3338198661804199, "passed": false}, "13": {"execution_time": 0.40176987648010254, "passed": false}, "14": {"execution_time": 0.3358192443847656, "passed": false}, "15": {"execution_time": 0.39475345611572266, "passed": false}, "16": {"execution_time": 0.30782413482666016, "passed": false}, "17": {"execution_time": 0.338787317276001, "passed": false}, "18": {"execution_time": 0.31382036209106445, "passed": false}, "19": {"execution_time": 0.3288075923919678, "passed": false}, "20": {"execution_time": 0.33380985260009766, "passed": false}, "21": {"execution_time": 0.3464498519897461, "passed": false}, "22": {"execution_time": 0.3292722702026367, "passed": false}, "23": {"execution_time": 0.3348057270050049, "passed": false}}}, "check_style_score": "0/1"}