{"version": "1", "message": "ERROR: Hidden Testcases server unreachable.", "problem_id": "ads2_m2_a1_1", "user_id": "saitejasedate", "score": {"sample": {"0": {"execution_time": 0.3789832592010498, "passed": true}, "1": {"execution_time": 0.4857203960418701, "passed": true}, "2": {"execution_time": 0.3168175220489502, "passed": true}, "3": {"execution_time": 0.35579633712768555, "passed": true}, "4": {"execution_time": 0.35578107833862305, "passed": true}, "5": {"execution_time": 0.336810827255249, "passed": true}, "6": {"execution_time": 0.43175578117370605, "passed": true}, "7": {"execution_time": 0.33580970764160156, "passed": true}, "8": {"execution_time": 0.40776610374450684, "passed": true}, "9": {"execution_time": 0.41507983207702637, "passed": true}, "10": {"execution_time": 0.35279202461242676, "passed": true}, "11": {"execution_time": 0.34180665016174316, "passed": true}, "12": {"execution_time": 0.34180688858032227, "passed": true}, "13": {"execution_time": 0.4007697105407715, "passed": true}, "14": {"execution_time": 0.4647331237792969, "passed": true}, "15": {"execution_time": 0.47513270378112793, "passed": true}, "16": {"execution_time": 0.368607759475708, "passed": true}, "17": {"execution_time": 0.5258374214172363, "passed": true}, "18": {"execution_time": 0.7815492153167725, "passed": true}, "19": {"execution_time": 0.6396329402923584, "passed": true}, "20": {"execution_time": 0.44878530502319336, "passed": true}, "21": {"execution_time": 0.35379648208618164, "passed": true}, "22": {"execution_time": 0.578693151473999, "passed": false}, "23": {"execution_time": 0.46582579612731934, "passed": true}}}, "check_style_score": "1/1"}