{"version": "1", "message": "ERROR: Hidden Testcases server unreachable.", "problem_id": "ads2_m2_a1_1", "user_id": "saitejasedate", "score": {"sample": {"0": {"execution_time": 0.3950479030609131, "passed": true}, "1": {"execution_time": 0.5666589736938477, "passed": true}, "2": {"execution_time": 0.32581353187561035, "passed": true}, "3": {"execution_time": 0.34580469131469727, "passed": true}, "4": {"execution_time": 0.3667879104614258, "passed": true}, "5": {"execution_time": 0.43175292015075684, "passed": true}, "6": {"execution_time": 0.33381104469299316, "passed": true}, "7": {"execution_time": 0.4107649326324463, "passed": true}, "8": {"execution_time": 0.3468625545501709, "passed": true}, "9": {"execution_time": 0.33780336380004883, "passed": true}, "10": {"execution_time": 0.3708305358886719, "passed": true}, "11": {"execution_time": 0.4107644557952881, "passed": true}, "12": {"execution_time": 0.4147608280181885, "passed": true}, "13": {"execution_time": 0.36778759956359863, "passed": true}, "14": {"execution_time": 0.8505113124847412, "passed": true}, "15": {"execution_time": 0.5436923503875732, "passed": true}, "16": {"execution_time": 0.405026912689209, "passed": true}, "17": {"execution_time": 0.42714834213256836, "passed": true}, "18": {"execution_time": 0.41378283500671387, "passed": true}, "19": {"execution_time": 0.43744897842407227, "passed": true}, "20": {"execution_time": 0.4487648010253906, "passed": true}, "21": {"execution_time": 0.5076894760131836, "passed": true}, "22": {"execution_time": 0.5107090473175049, "passed": true}, "23": {"execution_time": 0.615668535232544, "passed": true}}}, "check_style_score": "0/1"}