{"version": "1", "message": "ERROR: Hidden Testcases server unreachable.", "problem_id": "ads2_m2_a1_1", "user_id": "saitejasedate", "score": {"sample": {"0": {"execution_time": 0.46296000480651855, "passed": true}, "1": {"execution_time": 0.3987710475921631, "passed": true}, "2": {"execution_time": 0.3388023376464844, "passed": true}, "3": {"execution_time": 0.48772430419921875, "passed": true}, "4": {"execution_time": 0.38477563858032227, "passed": true}, "5": {"execution_time": 0.4387478828430176, "passed": true}, "6": {"execution_time": 0.4747462272644043, "passed": true}, "7": {"execution_time": 0.3487992286682129, "passed": true}, "8": {"execution_time": 0.43473148345947266, "passed": true}, "9": {"execution_time": 0.33780622482299805, "passed": true}, "10": {"execution_time": 0.37578439712524414, "passed": true}, "11": {"execution_time": 0.4387483596801758, "passed": true}, "12": {"execution_time": 0.47574615478515625, "passed": true}, "13": {"execution_time": 0.3408200740814209, "passed": true}, "14": {"execution_time": 0.3348064422607422, "passed": true}, "15": {"execution_time": 0.34780311584472656, "passed": true}, "16": {"execution_time": 0.4113922119140625, "passed": true}, "17": {"execution_time": 0.42647433280944824, "passed": true}, "18": {"execution_time": 0.40205836296081543, "passed": true}, "19": {"execution_time": 0.5084898471832275, "passed": true}, "20": {"execution_time": 0.5977129936218262, "passed": true}, "21": {"execution_time": 0.48572230339050293, "passed": true}, "22": {"execution_time": 0.5007402896881104, "passed": true}, "23": {"execution_time": 0.49286651611328125, "passed": true}}}, "check_style_score": "1/1"}