{"version": "1", "message": "ERROR: Hidden Testcases server unreachable.", "problem_id": "ads2_m2_a1_1", "user_id": "saitejasedate", "score": {"sample": {"0": {"execution_time": 0.5037145614624023, "passed": false}, "1": {"execution_time": 0.45372962951660156, "passed": false}, "2": {"execution_time": 0.4327516555786133, "passed": false}, "3": {"execution_time": 0.4327549934387207, "passed": true}, "4": {"execution_time": 0.45973658561706543, "passed": false}, "5": {"execution_time": 0.370786190032959, "passed": false}, "6": {"execution_time": 0.3957695960998535, "passed": false}, "7": {"execution_time": 0.4427459239959717, "passed": false}, "8": {"execution_time": 0.4267547130584717, "passed": false}, "9": {"execution_time": 0.38577866554260254, "passed": false}, "10": {"execution_time": 0.340801477432251, "passed": false}, "11": {"execution_time": 0.5686740875244141, "passed": false}, "12": {"execution_time": 0.3877871036529541, "passed": false}, "13": {"execution_time": 0.3198056221008301, "passed": false}, "14": {"execution_time": 0.33380818367004395, "passed": false}, "15": {"execution_time": 0.3592252731323242, "passed": true}, "16": {"execution_time": 0.3308103084564209, "passed": false}, "17": {"execution_time": 0.3268313407897949, "passed": false}, "18": {"execution_time": 0.464785099029541, "passed": false}, "19": {"execution_time": 0.31180572509765625, "passed": false}, "20": {"execution_time": 0.33879709243774414, "passed": false}, "21": {"execution_time": 0.3338184356689453, "passed": false}, "22": {"execution_time": 0.34784841537475586, "passed": false}, "23": {"execution_time": 0.44374632835388184, "passed": false}}}, "check_style_score": "1/1"}