{"version": "1", "message": "ERROR: Hidden Testcases server unreachable.", "problem_id": "ads2_m2_a1_1", "user_id": "saitejasedate", "score": {"sample": {"0": {"execution_time": 0.4547393321990967, "passed": false}, "1": {"execution_time": 0.4337503910064697, "passed": false}, "2": {"execution_time": 0.4487433433532715, "passed": false}, "3": {"execution_time": 0.5936594009399414, "passed": false}, "4": {"execution_time": 0.4147660732269287, "passed": false}, "5": {"execution_time": 0.4247565269470215, "passed": false}, "6": {"execution_time": 0.3987715244293213, "passed": false}, "7": {"execution_time": 0.39177441596984863, "passed": false}, "8": {"execution_time": 0.5266985893249512, "passed": false}, "9": {"execution_time": 0.42575597763061523, "passed": false}, "10": {"execution_time": 0.44574403762817383, "passed": false}, "11": {"execution_time": 0.4327514171600342, "passed": false}, "12": {"execution_time": 1.260274887084961, "passed": false}, "13": {"execution_time": 0.5576798915863037, "passed": false}, "14": {"execution_time": 0.42575597763061523, "passed": false}, "15": {"execution_time": 0.5486865043640137, "passed": false}, "16": {"execution_time": 0.34979915618896484, "passed": false}, "17": {"execution_time": 0.45773744583129883, "passed": false}, "18": {"execution_time": 0.34180736541748047, "passed": false}, "19": {"execution_time": 0.3448042869567871, "passed": false}, "20": {"execution_time": 0.33982324600219727, "passed": false}, "21": {"execution_time": 0.4704444408416748, "passed": false}, "22": {"execution_time": 0.3587825298309326, "passed": false}, "23": {"execution_time": 0.33980536460876465, "passed": false}}}, "check_style_score": "0/1"}