{"version": "1", "message": "ERROR: Hidden Testcases server unreachable.", "problem_id": "ads2_m2_a1_1", "user_id": "saitejasedate", "score": {"sample": {"0": {"execution_time": 0.34581446647644043, "passed": false}, "1": {"execution_time": 0.33683228492736816, "passed": false}, "2": {"execution_time": 0.3288106918334961, "passed": false}, "3": {"execution_time": 0.5306909084320068, "passed": false}, "4": {"execution_time": 0.44908761978149414, "passed": false}, "5": {"execution_time": 0.5257086753845215, "passed": false}, "6": {"execution_time": 0.42281150817871094, "passed": false}, "7": {"execution_time": 0.7355797290802002, "passed": false}, "8": {"execution_time": 0.3408167362213135, "passed": false}, "9": {"execution_time": 0.35779547691345215, "passed": false}, "10": {"execution_time": 0.3587973117828369, "passed": false}, "11": {"execution_time": 0.3387899398803711, "passed": false}, "12": {"execution_time": 0.657620906829834, "passed": false}, "13": {"execution_time": 0.39377498626708984, "passed": false}, "14": {"execution_time": 0.33079075813293457, "passed": false}, "15": {"execution_time": 0.4047672748565674, "passed": false}, "16": {"execution_time": 0.36081719398498535, "passed": false}, "17": {"execution_time": 0.3807792663574219, "passed": false}, "18": {"execution_time": 0.4477403163909912, "passed": false}, "19": {"execution_time": 0.407764196395874, "passed": false}, "20": {"execution_time": 0.3744337558746338, "passed": false}, "21": {"execution_time": 0.3548619747161865, "passed": false}, "22": {"execution_time": 0.4070608615875244, "passed": false}, "23": {"execution_time": 0.35381460189819336, "passed": false}}}, "check_style_score": "0/1"}