{"version": "1", "message": "ERROR: Hidden Testcases server unreachable.", "problem_id": "ads2_m2_a1_1", "user_id": "saitejasedate", "score": {"sample": {"0": {"execution_time": 0.9430618286132812, "passed": true}, "1": {"execution_time": 0.47174739837646484, "passed": true}, "2": {"execution_time": 0.3207235336303711, "passed": true}, "3": {"execution_time": 0.30779409408569336, "passed": true}, "4": {"execution_time": 0.31373047828674316, "passed": true}, "5": {"execution_time": 0.3285486698150635, "passed": true}, "6": {"execution_time": 0.3526458740234375, "passed": true}, "7": {"execution_time": 0.33829450607299805, "passed": true}, "8": {"execution_time": 0.3420553207397461, "passed": true}, "9": {"execution_time": 0.3701956272125244, "passed": true}, "10": {"execution_time": 0.37001848220825195, "passed": true}, "11": {"execution_time": 0.3726174831390381, "passed": true}, "12": {"execution_time": 0.4647352695465088, "passed": true}, "13": {"execution_time": 0.38577961921691895, "passed": true}, "14": {"execution_time": 0.655625581741333, "passed": true}, "15": {"execution_time": 0.39373111724853516, "passed": true}, "16": {"execution_time": 0.3632194995880127, "passed": true}, "17": {"execution_time": 0.5756680965423584, "passed": true}, "18": {"execution_time": 0.43096303939819336, "passed": true}, "19": {"execution_time": 0.5177052021026611, "passed": true}, "20": {"execution_time": 0.4313082695007324, "passed": true}, "21": {"execution_time": 0.381786584854126, "passed": true}, "22": {"execution_time": 0.507335901260376, "passed": true}, "23": {"execution_time": 0.4937169551849365, "passed": true}}}, "check_style_score": "1/1"}