{"version": "1", "message": "ERROR: Hidden Testcases server unreachable.", "problem_id": "ads2_m2_a1_1", "user_id": "saitejasedate", "score": {"sample": {"0": {"execution_time": 0.7068493366241455, "passed": true}, "1": {"execution_time": 0.48871874809265137, "passed": true}, "2": {"execution_time": 0.7135899066925049, "passed": true}, "3": {"execution_time": 0.5316946506500244, "passed": true}, "4": {"execution_time": 0.5296962261199951, "passed": true}, "5": {"execution_time": 0.43375182151794434, "passed": true}, "6": {"execution_time": 0.5027127265930176, "passed": true}, "7": {"execution_time": 0.6646182537078857, "passed": true}, "8": {"execution_time": 0.525698184967041, "passed": true}, "9": {"execution_time": 0.4487452507019043, "passed": true}, "10": {"execution_time": 0.5057096481323242, "passed": true}, "11": {"execution_time": 0.5396914482116699, "passed": true}, "12": {"execution_time": 0.6536247730255127, "passed": true}, "13": {"execution_time": 0.38977813720703125, "passed": true}, "14": {"execution_time": 0.4087657928466797, "passed": true}, "15": {"execution_time": 0.4013173580169678, "passed": true}, "16": {"execution_time": 0.3982558250427246, "passed": true}, "17": {"execution_time": 0.4934713840484619, "passed": true}, "18": {"execution_time": 0.5247373580932617, "passed": true}, "19": {"execution_time": 0.43874526023864746, "passed": true}, "20": {"execution_time": 0.5338294506072998, "passed": true}, "21": {"execution_time": 0.31981873512268066, "passed": true}, "22": {"execution_time": 0.47981762886047363, "passed": true}, "23": {"execution_time": 0.475752592086792, "passed": true}}}, "check_style_score": "1/1"}