{"version": "1", "message": "ERROR: Hidden Testcases server unreachable.", "problem_id": "ads2_m2_a1_1", "user_id": "saitejasedate", "score": {"sample": {"0": {"execution_time": 0.39330148696899414, "passed": true}, "1": {"execution_time": 0.34780359268188477, "passed": true}, "2": {"execution_time": 0.47173213958740234, "passed": true}, "3": {"execution_time": 0.44376134872436523, "passed": true}, "4": {"execution_time": 0.4108138084411621, "passed": true}, "5": {"execution_time": 0.41576051712036133, "passed": true}, "6": {"execution_time": 0.3368518352508545, "passed": true}, "7": {"execution_time": 0.3468027114868164, "passed": true}, "8": {"execution_time": 0.46373438835144043, "passed": true}, "9": {"execution_time": 0.31382298469543457, "passed": true}, "10": {"execution_time": 0.41883325576782227, "passed": true}, "11": {"execution_time": 0.3348112106323242, "passed": true}, "12": {"execution_time": 0.32181477546691895, "passed": true}, "13": {"execution_time": 0.6897456645965576, "passed": true}, "14": {"execution_time": 0.4107666015625, "passed": true}, "15": {"execution_time": 0.35828661918640137, "passed": true}, "16": {"execution_time": 0.36579203605651855, "passed": true}, "17": {"execution_time": 0.4063985347747803, "passed": true}, "18": {"execution_time": 0.5547800064086914, "passed": true}, "19": {"execution_time": 0.4311177730560303, "passed": true}, "20": {"execution_time": 0.4378683567047119, "passed": true}, "21": {"execution_time": 0.5007145404815674, "passed": true}, "22": {"execution_time": 0.7254657745361328, "passed": true}, "23": {"execution_time": 0.462923526763916, "passed": true}}}, "check_style_score": "1/1"}