{"version": "1", "message": "ERROR: Hidden Testcases server unreachable.", "problem_id": "ads2_m2_a1_1", "user_id": "saitejasedate", "score": {"sample": {"0": {"execution_time": 0.39880895614624023, "passed": true}, "1": {"execution_time": 0.8642818927764893, "passed": true}, "2": {"execution_time": 0.43874692916870117, "passed": true}, "3": {"execution_time": 0.33180832862854004, "passed": true}, "4": {"execution_time": 0.32781219482421875, "passed": true}, "5": {"execution_time": 0.3408045768737793, "passed": true}, "6": {"execution_time": 0.4727315902709961, "passed": true}, "7": {"execution_time": 0.47270965576171875, "passed": true}, "8": {"execution_time": 0.4227581024169922, "passed": true}, "9": {"execution_time": 0.33980607986450195, "passed": true}, "10": {"execution_time": 0.4207422733306885, "passed": true}, "11": {"execution_time": 0.35581326484680176, "passed": true}, "12": {"execution_time": 0.453723669052124, "passed": true}, "13": {"execution_time": 0.4497225284576416, "passed": true}, "14": {"execution_time": 0.3837771415710449, "passed": true}, "15": {"execution_time": 0.33307600021362305, "passed": true}, "16": {"execution_time": 0.45200490951538086, "passed": true}, "17": {"execution_time": 0.4948546886444092, "passed": true}, "18": {"execution_time": 0.5256366729736328, "passed": true}, "19": {"execution_time": 0.6271123886108398, "passed": true}, "20": {"execution_time": 0.5872161388397217, "passed": true}, "21": {"execution_time": 0.31981587409973145, "passed": true}, "22": {"execution_time": 0.5438106060028076, "passed": true}, "23": {"execution_time": 0.5857527256011963, "passed": true}}}, "check_style_score": "1/1"}