{"version": "1", "message": "ERROR: Hidden Testcases server unreachable.", "problem_id": "ads2_m2_a1_1", "user_id": "saitejasedate", "score": {"sample": {"0": {"execution_time": 0.45374011993408203, "passed": true}, "1": {"execution_time": 0.4147622585296631, "passed": true}, "2": {"execution_time": 0.5077085494995117, "passed": true}, "3": {"execution_time": 0.4487431049346924, "passed": true}, "4": {"execution_time": 0.39477086067199707, "passed": true}, "5": {"execution_time": 0.44174671173095703, "passed": true}, "6": {"execution_time": 0.39676928520202637, "passed": true}, "7": {"execution_time": 0.4327514171600342, "passed": true}, "8": {"execution_time": 0.4547414779663086, "passed": true}, "9": {"execution_time": 0.4307529926300049, "passed": true}, "10": {"execution_time": 0.44373488426208496, "passed": true}, "11": {"execution_time": 0.4027717113494873, "passed": true}, "12": {"execution_time": 0.42575573921203613, "passed": true}, "13": {"execution_time": 0.4327564239501953, "passed": true}, "14": {"execution_time": 0.40177035331726074, "passed": true}, "15": {"execution_time": 0.3553123474121094, "passed": true}, "16": {"execution_time": 0.4360311031341553, "passed": true}, "17": {"execution_time": 0.4306044578552246, "passed": true}, "18": {"execution_time": 0.39520931243896484, "passed": true}, "19": {"execution_time": 0.43538689613342285, "passed": true}, "20": {"execution_time": 0.4483375549316406, "passed": true}, "21": {"execution_time": 0.3487968444824219, "passed": true}, "22": {"execution_time": 0.465787410736084, "passed": true}, "23": {"execution_time": 0.47675561904907227, "passed": true}}}, "check_style_score": "0/1"}