{"version": "1", "message": "ERROR: Hidden Testcases server unreachable.", "problem_id": "ads2_m2_a1_1", "user_id": "saitejasedate", "score": {"sample": {"0": {"execution_time": 0.3783144950866699, "passed": true}, "1": {"execution_time": 0.3378574848175049, "passed": true}, "2": {"execution_time": 0.3947925567626953, "passed": true}, "3": {"execution_time": 0.4715588092803955, "passed": true}, "4": {"execution_time": 0.30981993675231934, "passed": true}, "5": {"execution_time": 0.33980536460876465, "passed": true}, "6": {"execution_time": 0.4407474994659424, "passed": true}, "7": {"execution_time": 0.31581854820251465, "passed": true}, "8": {"execution_time": 0.35379695892333984, "passed": true}, "9": {"execution_time": 0.33580708503723145, "passed": true}, "10": {"execution_time": 0.5666553974151611, "passed": true}, "11": {"execution_time": 0.40976572036743164, "passed": true}, "12": {"execution_time": 0.3258097171783447, "passed": true}, "13": {"execution_time": 0.43177032470703125, "passed": true}, "14": {"execution_time": 0.4337499141693115, "passed": true}, "15": {"execution_time": 0.36029958724975586, "passed": true}, "16": {"execution_time": 0.4267582893371582, "passed": true}, "17": {"execution_time": 0.42882657051086426, "passed": true}, "18": {"execution_time": 0.4877293109893799, "passed": true}, "19": {"execution_time": 0.416856050491333, "passed": true}, "20": {"execution_time": 0.44377875328063965, "passed": true}, "21": {"execution_time": 0.3437838554382324, "passed": true}, "22": {"execution_time": 0.48284411430358887, "passed": true}, "23": {"execution_time": 0.4777257442474365, "passed": true}}}, "check_style_score": "1/1"}