{"version": "1", "message": "ERROR: Hidden Testcases server unreachable.", "problem_id": "ads2_m2_a1_1", "user_id": "saitejasedate", "score": {"sample": {"0": {"execution_time": 0.3597733974456787, "passed": true}, "1": {"execution_time": 0.4817202091217041, "passed": true}, "2": {"execution_time": 0.33782410621643066, "passed": true}, "3": {"execution_time": 0.33980894088745117, "passed": true}, "4": {"execution_time": 0.4917173385620117, "passed": true}, "5": {"execution_time": 0.5067110061645508, "passed": true}, "6": {"execution_time": 0.3568429946899414, "passed": true}, "7": {"execution_time": 0.3408212661743164, "passed": true}, "8": {"execution_time": 0.4537200927734375, "passed": true}, "9": {"execution_time": 0.33782124519348145, "passed": true}, "10": {"execution_time": 0.34580397605895996, "passed": true}, "11": {"execution_time": 0.36978793144226074, "passed": true}, "12": {"execution_time": 0.3388023376464844, "passed": true}, "13": {"execution_time": 0.34380340576171875, "passed": true}, "14": {"execution_time": 0.40282273292541504, "passed": true}, "15": {"execution_time": 0.36513352394104004, "passed": true}, "16": {"execution_time": 0.40879225730895996, "passed": true}, "17": {"execution_time": 0.5927033424377441, "passed": true}, "18": {"execution_time": 0.6005558967590332, "passed": true}, "19": {"execution_time": 0.6556224822998047, "passed": true}, "20": {"execution_time": 0.46388792991638184, "passed": true}, "21": {"execution_time": 0.3468000888824463, "passed": true}, "22": {"execution_time": 0.6227715015411377, "passed": true}, "23": {"execution_time": 0.5287914276123047, "passed": true}}}, "check_style_score": "1/1"}