{"version": "1", "message": "ERROR: Hidden Testcases server unreachable.", "problem_id": "ads2_m2_a1_1", "user_id": "saitejasedate", "score": {"sample": {"0": {"execution_time": 0.36759090423583984, "passed": true}, "1": {"execution_time": 0.3108212947845459, "passed": true}, "2": {"execution_time": 0.42075562477111816, "passed": true}, "3": {"execution_time": 0.3348073959350586, "passed": true}, "4": {"execution_time": 0.486713171005249, "passed": true}, "5": {"execution_time": 0.34180283546447754, "passed": true}, "6": {"execution_time": 0.33580756187438965, "passed": true}, "7": {"execution_time": 0.3318064212799072, "passed": true}, "8": {"execution_time": 0.3478264808654785, "passed": true}, "9": {"execution_time": 0.4777069091796875, "passed": true}, "10": {"execution_time": 0.33980703353881836, "passed": true}, "11": {"execution_time": 0.3647878170013428, "passed": true}, "12": {"execution_time": 0.320812463760376, "passed": true}, "13": {"execution_time": 0.3368065357208252, "passed": true}, "14": {"execution_time": 0.4177572727203369, "passed": true}, "15": {"execution_time": 0.3521857261657715, "passed": true}, "16": {"execution_time": 0.398770809173584, "passed": true}, "17": {"execution_time": 0.4148828983306885, "passed": true}, "18": {"execution_time": 0.43825387954711914, "passed": true}, "19": {"execution_time": 0.7855474948883057, "passed": true}, "20": {"execution_time": 0.479783296585083, "passed": true}, "21": {"execution_time": 0.3867778778076172, "passed": true}, "22": {"execution_time": 0.638657808303833, "passed": false}, "23": {"execution_time": 0.5366911888122559, "passed": true}}}, "check_style_score": "1/1"}